customer_id,name,email,age,gender,state,registration_date,subscription_type
C500,Amanda Meyer,richardsonmolly@example.com,29,Other,MI,2024-12-27,Yearly
C501,Christopher Chase,brandi48@example.org,60,Other,TX,2022-09-21,None
C502,Lisa Olsen,hansonlisa@example.org,37,Other,GA,2022-08-25,None
C503,Cory Gonzales,sabrina16@example.org,22,Other,CA,2020-11-14,None
C504,John Williams,jerry55@example.org,20,F,FL,2024-06-22,Monthly
C505,James Bates,jessecunningham@example.org,63,M,WA,2021-01-16,None
C506,Rebecca Bean,nicolemunoz@example.com,43,Other,TX,2021-04-06,Monthly
C507,Rita Harris,ywatkins@example.org,61,F,MI,2024-12-20,None
C508,Matthew Carter,dana82@example.com,40,Other,NY,2022-07-11,Monthly
C509,Jose Chavez,mburgess@example.com,42,M,CA,2024-05-24,Monthly
C510,Doris Thomas,mgaines@example.com,42,F,NJ,2022-09-17,None
C511,Stuart Carter,kevingutierrez@example.com,18,F,IL,2023-05-07,None
C512,Samantha Young,brittanyperkins@example.com,65,F,GA,2024-02-28,Yearly
C513,John Lewis,vicki20@example.org,33,F,NC,2023-09-13,None
C514,Jeremy Sullivan,crystalsmith@example.org,39,F,GA,2023-12-03,Monthly
C515,Diane Evans,atkinsjonathan@example.com,39,F,GA,2025-01-14,Yearly
C516,Michelle Heath,amywalker@example.com,62,F,PA,2023-01-14,None
C517,Joseph Nolan,haydenmarc@example.org,62,M,OH,2023-06-13,Yearly
C518,Kayla Johnson MD,brewerlauren@example.net,69,Other,NY,2022-01-12,Monthly
C519,Scott Steele,john71@example.com,63,M,NY,2021-04-01,None
C520,Jason Figueroa,whall@example.net,61,F,PA,2023-11-21,Yearly
C521,Wendy Perry,wguerra@example.org,36,F,TX,2023-10-14,Yearly
C522,Jeremy Hamilton,xperkins@example.net,46,Other,IL,2021-01-25,Yearly
C523,Matthew Diaz,matthew83@example.com,63,M,TX,2025-03-05,None
C524,Lisa Gutierrez,benjaminhamilton@example.com,23,Other,TX,2021-03-05,None
C525,Andrew Christensen,yparker@example.net,45,M,OH,2023-09-23,None
C526,Samantha Bernard,dianawright@example.com,30,F,GA,2022-03-26,Monthly
C527,Kerry Weber,iharris@example.org,45,Other,WA,2024-12-02,Monthly
C528,Jose Evans,marcus87@example.com,27,F,NY,2022-12-27,Monthly
C529,Franklin Poole,castrojeremiah@example.net,58,M,NJ,2022-08-31,None
C530,Curtis Villanueva DDS,zacharystafford@example.com,21,Other,VA,2025-05-30,Monthly
C531,Tracy Rose,obriendillon@example.net,50,M,MA,2024-07-17,Monthly
C532,Stacy Salinas,jmoore@example.com,65,M,NJ,2021-03-17,None
C533,Patricia Case,obaxter@example.com,60,M,NC,2020-11-30,Yearly
C534,Stephanie Chambers,kelly71@example.com,66,M,NY,2023-03-07,None
C535,Juan Williams,melissaevans@example.com,28,F,NY,2021-04-30,Yearly
C536,Tammy Davis,grantjessica@example.org,49,M,PA,2024-01-03,None
C537,Robert Miller,mjones@example.org,34,Other,VA,2023-02-23,Monthly
C538,Leonard Gray,bergerchristian@example.net,18,Other,NC,2022-02-05,Yearly
C539,Cynthia Rodriguez,karen43@example.net,38,F,CA,2022-05-18,None
C540,Lindsay Aguilar,grobbins@example.org,37,M,PA,2023-12-14,Yearly
C541,Julie Harrison,tanyalopez@example.net,26,F,TX,2023-11-19,None
C542,Tina Clark,johnbush@example.net,54,F,NY,2023-09-11,Monthly
C543,Heather Shaffer,ajohnson@example.net,69,M,IL,2021-08-22,Yearly
C544,Matthew Morrison,higginsdawn@example.org,51,M,GA,2020-12-14,None
C545,Dean Harmon,andrew21@example.net,49,F,TX,2024-07-27,Monthly
C546,Cheyenne Campbell,schroedertara@example.com,20,Other,VA,2024-07-05,Monthly
C547,Brandon Hanna,vanessadaniels@example.net,50,M,MI,2021-09-10,Yearly
C548,Sarah Taylor,debbiegriffin@example.com,20,Other,WA,2025-02-21,None
C549,Melvin Leon,brandon92@example.net,31,M,NY,2023-09-16,Monthly
C550,Steven Walker,christopher72@example.com,41,M,NC,2021-11-15,Yearly
C551,Dr. David Duncan,ecaldwell@example.net,35,Other,NJ,2025-04-29,Yearly
C552,Whitney Spencer,millerjoseph@example.org,25,Other,NC,2021-04-30,Monthly
C553,Cassandra Mcgee,perezmisty@example.com,28,Other,GA,2022-03-26,None
C554,William Shaw,matthewsbill@example.com,61,F,CA,2021-09-26,Yearly
C555,Megan Bush,lynchchase@example.com,70,F,WA,2022-11-22,Yearly
C556,Timothy Santos,mark71@example.net,70,Other,GA,2021-06-14,Monthly
C557,Bailey Harris,mmartinez@example.org,59,M,CA,2023-03-21,Monthly
C558,Ryan Johnson,david79@example.net,25,Other,NY,2021-06-05,Monthly
C559,Melinda Hogan,schultzcolin@example.net,49,M,MI,2023-11-28,Monthly
C560,Regina Jordan,smithkrista@example.com,50,M,TX,2021-03-28,None
C561,Kathy Barker,deannavelasquez@example.net,42,M,GA,2020-11-19,None
C562,Dalton Day,kellyramirez@example.net,64,M,OH,2025-01-02,None
C563,Phillip Hernandez,rhodestina@example.org,41,F,CA,2022-04-22,Monthly
C564,Samantha Turner,brookskristin@example.com,61,F,CA,2024-09-29,Monthly
C565,Darryl Caldwell,kelseyhunt@example.net,48,F,PA,2021-06-13,Yearly
C566,Mrs. Michelle Lloyd,yclark@example.org,55,Other,OH,2021-06-05,Monthly
C567,Gloria Jones,jasonhutchinson@example.com,35,Other,PA,2023-12-28,Yearly
C568,Dr. Rebecca Rhodes,mercedesbrown@example.net,68,Other,CA,2024-10-31,Yearly
C569,Samantha Boone,rossjames@example.org,70,F,TX,2022-07-03,Monthly
C570,Tammy Johnson,smithanna@example.com,57,Other,MI,2022-02-11,Monthly
C571,Brenda Myers,jeffreysmith@example.org,26,F,MA,2022-12-11,Monthly
C572,Amber Larsen,jason49@example.net,34,F,NY,2022-11-24,Yearly
C573,Kendra Dean,wmorris@example.com,70,M,CA,2023-03-19,None
C574,David Thompson,david35@example.com,45,M,NC,2021-09-26,Monthly
C575,Warren Clarke,thomasschwartz@example.net,68,Other,CA,2022-11-01,None
C576,Rebecca Green,pbradford@example.org,25,Other,NY,2023-05-27,None
C577,George Griffin,christopherwilliams@example.com,42,F,MI,2022-08-29,Monthly
C578,Brandy Smith,elizabethcarter@example.net,34,M,VA,2024-10-15,Monthly
C579,Raymond Ward,tharrison@example.com,57,Other,WA,2023-07-13,Yearly
C580,Tyrone Castillo,joshua88@example.com,46,M,NJ,2023-07-27,None
C581,Michelle Clark,alyssaholmes@example.org,59,M,OH,2024-02-12,Monthly
C582,Melissa Richardson,angela25@example.org,51,Other,NY,2024-01-10,None
C583,Jason Jones Jr.,bushcathy@example.net,43,Other,NY,2025-04-05,None
C584,Robert Hall,abrown@example.org,43,M,NC,2021-10-24,Yearly
C585,Amy Hinton,millerlisa@example.com,54,Other,CA,2022-01-31,None
C586,Joseph Frazier,christiedaniel@example.net,58,M,MA,2021-04-29,None
C587,Alice Wolfe,brittanygaines@example.org,47,Other,CA,2024-12-07,None
C588,Teresa Larson,lmiller@example.com,59,M,MA,2022-08-01,Yearly
C589,Kaitlyn Webster,russell17@example.net,29,M,OH,2022-06-26,Yearly
C590,Ashley White,tracy53@example.net,34,Other,NC,2024-01-16,Yearly
C591,Antonio Castro,gregorysusan@example.net,48,Other,FL,2022-02-03,Monthly
C592,Robert Freeman,john24@example.org,33,F,MI,2024-09-03,None
C593,Ariel Daniels,gutierrezbrittany@example.com,33,F,VA,2022-02-11,Yearly
C594,Alexa Davis,josephbarker@example.org,52,M,FL,2020-10-05,None
C595,Kara Castillo,emily19@example.net,36,F,WA,2022-05-19,None
C596,Ryan Wright,brandon57@example.org,37,F,FL,2024-08-07,Monthly
C597,Kendra Harrison,wagnermichael@example.com,47,F,FL,2021-09-09,None
C598,Theodore Roberts,yhaley@example.net,45,F,GA,2024-04-29,Monthly
C599,Jessica Lopez,christy92@example.org,28,F,CA,2024-04-28,None
C600,Brandon Roberts,keithalvarez@example.com,45,Other,NC,2020-11-22,None
C601,Austin Bond,jefferygonzales@example.net,58,Other,TX,2020-09-04,Yearly
C602,Christina Perez,hughesdean@example.org,23,M,NY,2024-08-19,None
C603,Frank Byrd,careyheather@example.net,62,Other,CA,2021-06-10,None
C604,James Hoover,qmorgan@example.com,48,Other,MA,2021-12-12,None
C605,Regina Harris,littlelaura@example.org,57,F,PA,2023-08-07,None
C606,Michael Dennis,pcrosby@example.net,63,Other,GA,2020-11-15,Monthly
C607,James Castillo,mendozastephanie@example.net,48,F,NC,2022-09-30,Monthly
C608,Kevin Taylor,avilaeric@example.net,43,F,OH,2022-09-22,None
C609,Theresa Rice,randalljohnson@example.org,63,Other,IL,2024-09-08,Yearly
C610,Crystal Higgins,ianaguirre@example.org,34,M,MA,2023-11-09,Yearly
C611,Michael Russell,riveramichael@example.com,40,M,WA,2025-06-25,None
C612,James Clark,montgomeryallison@example.com,36,Other,NC,2023-06-08,Monthly
C613,Sandra Sullivan,josephdaniels@example.com,58,F,OH,2025-04-18,Monthly
C614,Emily Thompson,bryanmcknight@example.com,38,F,MA,2025-02-06,Monthly
C615,Angela Anderson,brendamccullough@example.net,58,F,MA,2025-01-09,Monthly
C616,Tammy Gibson,xdelacruz@example.com,32,F,CA,2023-02-17,Yearly
C617,Alex Ray,cphillips@example.org,66,M,VA,2024-05-24,None
C618,Kevin Johnson,rjohnson@example.org,64,F,OH,2022-02-14,None
C619,Albert Hays,jennymelendez@example.com,26,F,CA,2021-11-21,Yearly
C620,John Yoder,clarkwilliam@example.org,61,Other,FL,2024-08-20,None
C621,Gary Brown,jsmith@example.org,34,Other,NC,2021-06-30,Yearly
C622,Joseph Church,hollandkathleen@example.org,59,M,NY,2021-03-29,None
C623,Caleb Mckenzie,hodgestimothy@example.com,26,F,TX,2025-04-15,Yearly
C624,Carlos Rhodes,paulcurry@example.com,59,M,WA,2024-06-02,None
C625,Tracy Short,stephanie31@example.com,38,M,CA,2021-05-10,Yearly
C626,David Hill,bennettshawn@example.com,19,M,TX,2023-09-03,Monthly
C627,Stephanie Smith,sandrarogers@example.net,39,F,MI,2022-09-10,Monthly
C628,Dylan Griffith,stewartjohn@example.com,53,Other,GA,2020-09-28,Yearly
C629,Nathan Smith,wayneromero@example.net,35,Other,IL,2021-08-30,Monthly
C630,Amanda Yang,davidreid@example.com,23,Other,IL,2024-07-16,None
C631,Kenneth Martinez,jeremy18@example.com,33,F,GA,2021-01-03,None
C632,Ashley Taylor,stephen68@example.net,51,M,OH,2022-06-12,Monthly
C633,Kathleen Jackson,kirsten31@example.com,38,Other,WA,2023-10-19,Monthly
C634,Leonard Flynn,weaversheila@example.net,66,F,TX,2025-07-20,None
C635,Mary Harmon,xmoreno@example.org,38,Other,FL,2024-03-25,Monthly
C636,Tamara Torres,david31@example.net,63,F,CA,2023-10-02,Yearly
C637,Robert Wong,troy66@example.com,67,Other,WA,2024-09-12,None
C638,Lori Wright,myerslindsey@example.com,33,Other,GA,2022-12-17,Yearly
C639,Crystal Welch,shannondunn@example.com,20,M,OH,2021-02-21,Yearly
C640,Anna Alvarez,hughesannette@example.net,43,F,MA,2025-01-31,Monthly
C641,Teresa Berry,wallacechristy@example.com,33,M,NY,2021-04-30,Monthly
C642,Barbara Romero,austin27@example.com,21,Other,CA,2022-10-01,Yearly
C643,Jonathan Moore,ywilliams@example.com,65,F,FL,2024-07-02,Yearly
C644,Faith Ellis,phillipsmelanie@example.com,63,Other,NY,2025-02-16,Monthly
C645,Ricardo Smith,fshelton@example.net,22,F,IL,2023-12-25,Monthly
C646,Patricia West,melanie57@example.org,56,F,NY,2024-07-17,Yearly
C647,Jim Moore,nweaver@example.com,25,F,TX,2022-12-16,Yearly
C648,Stephanie Harper,bsantos@example.net,45,Other,NY,2024-10-23,None
C649,Alexis Wyatt,forderica@example.org,34,M,VA,2021-02-25,Yearly
C650,Leslie Hernandez,marklucas@example.net,57,Other,MI,2023-11-24,None
C651,Dave Miller,sdiaz@example.org,56,M,MI,2024-05-20,Monthly
C652,Chelsea Frank,stacy92@example.net,41,Other,GA,2022-07-17,Yearly
C653,Karen Williams,zachary38@example.net,63,M,IL,2023-03-30,None
C654,Carlos Gonzalez Jr.,charlesmiller@example.net,33,Other,WA,2024-10-26,Yearly
C655,Christopher Garcia,alyssa70@example.net,21,M,FL,2024-10-25,Yearly
C656,Amy Gonzalez,thomasburke@example.com,31,Other,FL,2022-05-03,Monthly
C657,Andrea White,khansamantha@example.net,42,M,NY,2025-02-21,Monthly
C658,Stacy Hall,taguilar@example.com,36,Other,GA,2023-10-05,Yearly
C659,Shelby Smith,vgonzalez@example.com,25,F,NY,2021-08-26,Yearly
C660,Gary Welch,nathanallen@example.org,39,Other,GA,2021-01-04,Yearly
C661,Steven Lam,ksmith@example.com,28,Other,MA,2021-05-17,None
C662,Angela Carson,craigtammy@example.com,49,F,MA,2021-08-29,Yearly
C663,Amanda Soto,stephaniestanley@example.net,66,F,WA,2025-02-02,None
C664,Elizabeth Hale,adam21@example.net,43,M,MA,2022-03-21,None
C665,Chelsea Tyler,virginiasmith@example.org,31,F,MI,2024-10-26,None
C666,Kelsey Mathews,smithbrandon@example.com,46,Other,GA,2023-07-17,Monthly
C667,Emily Mendoza,sherry99@example.net,33,Other,TX,2025-07-08,Monthly
C668,Douglas Levy,arnoldgary@example.org,34,F,MI,2021-02-02,None
C669,Cody Patterson,ojones@example.com,57,Other,PA,2021-04-14,Yearly
C670,Chris Ramirez,cody04@example.com,57,F,IL,2022-03-14,None
C671,Justin Jackson,orangel@example.com,24,M,TX,2022-06-10,Yearly
C672,Heidi Williams,stephanie77@example.net,50,Other,MI,2024-02-25,Monthly
C673,Julia George,gball@example.com,67,F,PA,2020-08-22,None
C674,Frederick Harris,kathryn01@example.com,58,Other,GA,2023-11-13,Yearly
C675,Linda House,sanchezalyssa@example.net,19,M,FL,2024-12-16,Yearly
C676,Renee Colon,christopherjohnson@example.com,22,Other,NJ,2023-06-25,Monthly
C677,Daniel Hess,hannahblankenship@example.net,68,M,WA,2024-06-29,Monthly
C678,Amy Gibson,pageshannon@example.net,58,Other,MA,2021-08-11,Monthly
C679,Tina Nguyen,jordan17@example.net,68,F,IL,2024-09-05,Monthly
C680,Timothy Boone,vwilliams@example.org,62,F,WA,2022-01-27,Monthly
C681,Kelly Smith,david29@example.net,26,F,VA,2025-08-06,None
C682,Matthew Zhang,otaylor@example.org,47,F,VA,2023-01-07,Monthly
C683,Johnny Miller,brianking@example.org,28,F,TX,2023-12-02,Monthly
C684,Wesley Adkins,bruce40@example.org,35,M,IL,2020-09-16,Yearly
C685,John Thompson,rachelmorrison@example.com,45,Other,VA,2020-12-29,None
C686,Madeline Sandoval,johnsonkatie@example.org,35,Other,IL,2022-03-14,Yearly
C687,Mike Hester,zcampbell@example.com,69,F,MA,2022-06-16,Yearly
C688,Alicia Smith,ytorres@example.com,46,Other,OH,2022-12-05,None
C689,Jeffrey King DDS,cathy32@example.net,50,Other,CA,2020-09-17,None
C690,Craig Schultz,icrosby@example.org,51,M,GA,2023-03-26,Yearly
C691,Austin Baker,batesdavid@example.com,64,M,TX,2022-06-12,Yearly
C692,Barry Fernandez,mcgeechristopher@example.org,58,Other,MI,2023-04-30,Monthly
C693,David Williams,jdavidson@example.org,57,M,WA,2023-10-17,Yearly
C694,Allison Peters,fholmes@example.net,57,M,IL,2023-07-11,None
C695,Daniel Butler,andresmatthews@example.com,38,M,PA,2025-03-12,Monthly
C696,James Duncan,wochoa@example.org,57,Other,NJ,2021-11-26,Yearly
C697,Andrew Davis,okelly@example.net,19,F,NJ,2025-03-04,Monthly
C698,Cory Barker,charles77@example.com,64,Other,IL,2021-06-04,Monthly
C699,Terry Knight,alancarpenter@example.net,62,Other,TX,2021-05-02,Monthly
C700,Travis Butler,paulasmith@example.com,25,M,MI,2021-10-15,Monthly
C701,Sarah Conrad,jmullins@example.net,23,M,PA,2024-11-13,Monthly
C702,Linda Gibson,rothmario@example.net,63,F,CA,2025-06-11,Yearly
C703,Jordan Hopkins,marygarcia@example.org,45,Other,FL,2024-01-07,None
C704,Alexandra Jones,carladavis@example.net,21,Other,WA,2024-06-09,Monthly
C705,Samantha Trujillo,desireemartinez@example.com,41,M,OH,2024-05-17,None
C706,Sharon Atkins,sarah11@example.org,21,Other,IL,2025-01-24,Yearly
C707,Scott Bell,melissa48@example.org,36,Other,OH,2023-11-11,Yearly
C708,Connor Leach,simmonswillie@example.com,27,F,FL,2023-12-04,Monthly
C709,Jeremy Patton,reynoldsshannon@example.org,44,Other,NJ,2023-12-16,None
C710,Theodore Durham,edward02@example.net,70,F,GA,2023-08-24,Monthly
C711,Brian Jordan,jason82@example.org,23,F,FL,2020-09-03,Monthly
C712,Kenneth Chambers,andrewsmith@example.org,70,F,IL,2023-08-19,Monthly
C713,Carol Schaefer,samantha24@example.com,32,M,FL,2022-11-09,None
C714,Tiffany Preston,wrightapril@example.com,29,M,GA,2024-05-15,Yearly
C715,Elizabeth Nichols,lnelson@example.com,34,M,OH,2024-08-30,Monthly
C716,Dr. Lee Ryan,christopher09@example.com,25,M,GA,2024-08-02,Monthly
C717,Sarah Crawford,jcollins@example.org,20,M,VA,2022-12-20,Yearly
C718,Katie Gonzalez,kevinbradshaw@example.com,35,Other,GA,2023-10-25,None
C719,Timothy Nixon,anne20@example.com,40,Other,MI,2024-09-16,Monthly
C720,Amy Carr MD,william41@example.org,66,Other,FL,2022-11-04,Monthly
C721,David Wolf,priceshelly@example.org,23,Other,NY,2022-08-28,Yearly
C722,Laurie Williams,brendajones@example.net,66,F,NY,2024-10-13,None
C723,Ashley Rosales,jaredcampbell@example.net,28,F,MI,2022-05-24,None
C724,Ashley Johnson,susanlloyd@example.net,26,M,WA,2024-02-23,None
C725,Benjamin Butler,snowpaul@example.com,33,M,NY,2022-05-25,Yearly
C726,Eric Bautista,fsmith@example.net,41,Other,MI,2025-02-20,Monthly
C727,Donna Washington,victorprice@example.org,66,Other,NC,2020-09-27,Monthly
C728,Ronald Boyle,tara59@example.com,31,F,IL,2023-12-26,Monthly
C729,Brenda Moore,jpark@example.org,51,M,IL,2021-09-11,None
C730,Keith Jarvis,dominguezjoseph@example.net,29,M,OH,2024-07-06,Yearly
C731,Sean Wheeler,austin61@example.org,70,M,NY,2023-09-30,Monthly
C732,Dave Brown,pjones@example.org,53,F,CA,2023-04-22,None
C733,Victoria Mahoney,sarahperez@example.net,26,Other,MI,2021-04-21,Monthly
C734,Julie Wilson,christinasmith@example.net,65,M,MI,2024-09-07,Monthly
C735,Blake Gonzalez,kimberlyosborn@example.net,39,F,OH,2022-07-29,Monthly
C736,Casey Brown,langmichael@example.net,49,M,WA,2024-11-28,Yearly
C737,Lori Ross,megan46@example.com,35,F,TX,2022-09-02,Monthly
C738,Jeffery Mcintyre,jerry32@example.org,20,F,GA,2023-11-14,Monthly
C739,Donna Jones,sean70@example.com,46,M,TX,2021-02-14,Monthly
C740,Joshua Gordon,rebecca06@example.net,23,Other,FL,2022-05-16,None
C741,Amy Boone,joshua48@example.net,50,F,NY,2022-08-27,None
C742,Christina Massey,michellemeyer@example.org,70,Other,CA,2022-11-11,None
C743,Catherine Farmer,arroyogary@example.com,68,Other,OH,2024-07-27,Monthly
C744,Ian Mcbride,allenjessica@example.com,42,M,FL,2021-08-02,Yearly
C745,Brian Lambert,tracyoconnor@example.com,39,Other,CA,2021-08-27,None
C746,Sydney Robertson,shall@example.net,66,M,FL,2020-12-19,Monthly
C747,Jonathan Garcia,jharrison@example.net,18,M,OH,2021-04-15,Yearly
C748,Adam Collins,kthomas@example.net,19,F,VA,2023-10-29,None
C749,Angela Brown,daniellethomas@example.net,60,F,NJ,2024-02-03,None
C750,Rebecca Mcintyre,ramirezmichael@example.org,26,M,VA,2024-07-04,Monthly
C751,Dawn Nelson,adrienne97@example.net,68,Other,TX,2025-03-20,Monthly
C752,Michael Jackson,danielmoore@example.com,29,F,NY,2024-10-24,Monthly
C753,Travis Boyer,steven19@example.net,48,Other,TX,2022-11-30,Yearly
C754,Kimberly Reese,xgonzalez@example.net,25,Other,WA,2020-12-10,Yearly
C755,Amanda Harris,gabriel97@example.com,35,M,NJ,2021-07-20,Yearly
C756,Brittany Soto,cwilliams@example.org,53,Other,NJ,2023-07-23,Yearly
C757,Brandy Hicks,vargaserin@example.net,21,F,NY,2021-07-01,Yearly
C758,William Burgess,dmartinez@example.com,60,M,NY,2023-11-14,Yearly
C759,Lisa Cannon,thomasthomas@example.org,39,M,PA,2022-06-01,None
C760,John Massey,wallaceelizabeth@example.com,29,Other,MI,2021-03-04,None
C761,Carol Baker,mbeard@example.org,25,F,IL,2025-04-13,None
C762,Rachel Cortez,castanedacristina@example.org,27,F,TX,2024-08-02,Yearly
C763,Paula Meyer,garroyo@example.com,68,Other,MI,2023-05-28,Monthly
C764,Sara Dyer,ehall@example.com,26,Other,CA,2020-08-30,Monthly
C765,Charles Ochoa,cindymassey@example.net,23,Other,CA,2022-10-27,Yearly
C766,Gina Gilmore,hernandezsamuel@example.net,27,F,PA,2024-01-02,Monthly
C767,Andrea Hamilton,pricerandy@example.com,64,M,WA,2025-07-02,None
C768,David Higgins,brettmurray@example.net,36,F,FL,2023-12-20,None
C769,Shawn Shelton,grantpamela@example.com,47,Other,NY,2025-03-24,Monthly
C770,Jessica Daniels,daniel42@example.org,62,Other,VA,2023-06-23,None
C771,Emily Cunningham,michelle93@example.org,69,M,VA,2024-10-24,None
C772,Lindsey Ray,sandra11@example.com,68,M,VA,2023-10-23,None
C773,Kevin Martin,abaker@example.net,59,Other,NC,2023-09-07,Monthly
C774,Kevin Wallace,sarah90@example.org,54,F,MI,2023-12-29,Monthly
C775,Nathaniel Burton,carolyndixon@example.com,58,F,IL,2021-08-24,Yearly
C776,Michael King,sonya91@example.org,39,F,WA,2024-07-03,Monthly
C777,Robert Anderson,ufrederick@example.com,36,M,NJ,2021-07-06,Yearly
C778,Emily Reynolds,kaitlyndavis@example.org,33,F,WA,2021-07-27,Monthly
C779,Audrey Hernandez,amanda42@example.net,25,F,FL,2021-03-31,Monthly
C780,Manuel Young,zjones@example.org,68,F,TX,2021-10-17,None
C781,Robert Hunt,richard38@example.org,31,F,NY,2024-10-08,Yearly
C782,Dylan Espinoza,williamsimmons@example.net,52,M,MI,2024-07-23,None
C783,Jon Johnson,wcarney@example.net,49,F,FL,2022-08-04,Yearly
C784,Sabrina Porter,duanesmall@example.com,63,F,MA,2022-06-18,Monthly
C785,Regina Rasmussen DDS,davidwagner@example.org,24,F,FL,2024-07-29,None
C786,Debbie Taylor,urobertson@example.com,48,Other,TX,2022-09-24,None
C787,Joshua Davis,tranwilliam@example.com,67,F,FL,2022-10-11,Yearly
C788,Eric White,sandrahowell@example.org,22,M,MI,2023-07-02,Monthly
C789,Patricia Smith,charles23@example.com,38,Other,WA,2023-05-12,Yearly
C790,Larry Smith,kent69@example.net,58,F,VA,2021-03-05,Yearly
C791,Roberto Collins,teresamorrison@example.com,34,Other,CA,2021-09-27,None
C792,Katherine Cardenas,uadkins@example.org,22,M,NY,2025-03-01,None
C793,Vincent Villa,kevin40@example.com,60,F,NY,2020-11-11,Yearly
C794,Rachel Dunn,bruce29@example.org,33,F,VA,2022-05-08,None
C795,James Lewis,bishopjesus@example.net,33,F,MI,2022-06-03,Monthly
C796,Mary Morton,fmarshall@example.net,38,Other,FL,2023-12-21,Yearly
C797,Tyler Boone,mcintyrejill@example.org,56,F,MI,2021-07-02,Monthly
C798,David Shelton,charles04@example.org,32,M,VA,2023-07-07,Monthly
C799,Lauren Guzman,lisa15@example.org,31,F,IL,2023-08-01,None
C800,Julia Moses,wilsontimothy@example.com,47,M,NJ,2023-04-02,Monthly
C801,Jessica Pierce,cleblanc@example.com,48,Other,FL,2023-05-28,Yearly
C802,Donald Aguilar,jennifer66@example.net,67,F,NC,2024-10-24,Monthly
C803,Debbie Schultz,sedwards@example.net,46,Other,MI,2020-11-28,Yearly
C804,Christina Mann,mconner@example.com,42,Other,MI,2021-04-28,Yearly
C805,Sara Snyder,ylopez@example.net,35,F,VA,2022-07-29,Monthly
C806,Christopher Aguilar,sonyaperez@example.com,33,Other,IL,2021-01-01,Yearly
C807,Nathan Mckinney,lambertgarrett@example.org,68,F,VA,2021-05-09,Monthly
C808,Mr. Darryl Williams,zlewis@example.org,45,F,NJ,2022-05-31,Monthly
C809,Tara Clark DDS,oholden@example.net,51,F,MI,2024-01-24,Monthly
C810,Matthew Hart,corozco@example.com,23,Other,OH,2022-04-09,Yearly
C811,Melissa Sharp,palmerkevin@example.com,49,Other,PA,2021-08-19,None
C812,Judy Ellis,thomasjesse@example.net,26,F,GA,2022-08-30,Yearly
C813,Jane Clay,saundersantonio@example.org,51,Other,MI,2021-08-19,None
C814,Erica Wong,kyle06@example.com,30,F,GA,2022-08-12,Yearly
C815,Mark Rubio,nramirez@example.org,28,Other,GA,2020-11-05,Monthly
C816,Patricia Li,jbryant@example.net,39,Other,GA,2021-05-22,None
C817,Kaitlin Willis,kellyphillips@example.org,29,M,MI,2024-12-15,None
C818,Kevin Benton,christinedavis@example.net,32,Other,FL,2021-04-19,None
C819,Laura Nelson,dmckinney@example.com,54,F,MA,2024-05-13,Monthly
C820,Victoria Blevins,jamie39@example.org,24,M,MA,2023-11-11,Yearly
C821,Michelle Fletcher,john41@example.com,20,Other,GA,2025-07-18,Monthly
C822,Brittney Duncan,cmartin@example.net,26,M,WA,2021-08-18,Yearly
C823,John Townsend,ybaker@example.com,35,Other,MI,2025-07-15,Monthly
C824,Micheal Richardson,harriszachary@example.com,59,F,TX,2024-01-06,Monthly
C825,Michael Fernandez,yhernandez@example.com,47,Other,CA,2022-12-12,Monthly
C826,Maxwell Gilbert,jmarshall@example.com,51,M,CA,2024-05-29,None
C827,Jacob Rasmussen,preston95@example.com,33,M,FL,2022-07-19,Monthly
C828,Lindsay Travis,katherinehunt@example.org,56,F,GA,2022-10-04,None
C829,Dr. Ryan Johnson,cartereric@example.com,36,F,CA,2021-04-07,Monthly
C830,Richard Johnson,george97@example.org,45,M,CA,2022-05-02,Yearly
C831,Steven Rivera,franciscobryant@example.net,60,Other,GA,2022-01-22,Yearly
C832,Kristin Aguirre,justin66@example.org,40,Other,NJ,2025-02-14,Yearly
C833,Christine Mendez,lauraramos@example.net,20,F,CA,2021-10-26,None
C834,David Washington,jonathan91@example.com,67,F,MI,2021-06-21,Monthly
C835,Beth Copeland,caguilar@example.com,62,F,NC,2025-08-05,Yearly
C836,John Ayala,sanchezdaniel@example.com,27,F,IL,2021-05-29,None
C837,Zachary Freeman,christopher53@example.org,28,M,TX,2021-02-19,None
C838,Kenneth Reed,wallacelauren@example.net,23,Other,FL,2021-07-07,Yearly
C839,Brandon Phillips,sherry40@example.net,57,Other,NC,2023-04-21,Monthly
C840,David Burke,stephaniesimon@example.net,58,M,CA,2020-08-26,Yearly
C841,Daniel Ward,hancockkathryn@example.net,55,F,TX,2022-09-27,Monthly
C842,Lawrence Smith,donna34@example.org,24,Other,MA,2022-05-17,None
C843,Melissa Parrish,fsmith@example.org,26,F,NC,2021-02-24,Yearly
C844,Travis Weaver,rpena@example.net,22,F,PA,2024-02-25,None
C845,Christopher Sherman,richardperkins@example.com,54,M,NY,2021-10-13,Yearly
C846,Kyle Schmidt,louis94@example.org,30,F,GA,2023-06-25,None
C847,Richard Mann,douglasreynolds@example.net,60,M,GA,2023-03-29,None
C848,Maria Lambert,dsims@example.net,67,Other,VA,2022-05-10,Monthly
C849,Heather Byrd,bgarza@example.org,53,F,NC,2023-11-18,None
C850,Sarah Henderson,carlos45@example.com,33,Other,NC,2021-04-03,None
C851,Katelyn Curtis,melanie81@example.net,61,F,OH,2023-04-14,Yearly
C852,Robert Morales,mollyjohnson@example.net,59,F,IL,2022-07-27,Monthly
C853,Matthew Robles,patrick90@example.com,25,F,NY,2021-07-17,None
C854,Aaron Ortiz,sheppardshawn@example.com,55,M,NJ,2024-04-29,Monthly
C855,Sheila Manning,jamesblack@example.com,64,F,NJ,2022-03-26,Yearly
C856,Megan Reed,audreylarson@example.com,61,Other,VA,2022-10-22,None
C857,Tiffany Mcmillan,richardmichael@example.org,40,Other,NJ,2023-07-07,Yearly
C858,Jennifer Robertson,laraedward@example.org,25,F,NY,2021-04-24,Yearly
C859,Michael Washington,brooksvictoria@example.com,28,Other,GA,2025-04-06,Yearly
C860,Natalie King PhD,amanda85@example.com,43,Other,OH,2020-12-25,Yearly
C861,Michael Adams,andrewjohnson@example.net,36,M,TX,2021-08-21,Monthly
C862,Emily Sullivan,wberry@example.net,68,M,GA,2023-06-20,None
C863,Ronnie Diaz,flowersrodney@example.org,68,Other,MA,2022-07-15,None
C864,Kimberly Murphy,blackmitchell@example.com,20,Other,TX,2023-11-08,Monthly
C865,Brian Donovan,drakedustin@example.net,36,M,PA,2022-07-28,Monthly
C866,Michael Moore,ljohnson@example.org,40,Other,NY,2022-11-30,Monthly
C867,Angela Boyd,erictate@example.org,33,Other,NJ,2024-10-14,None
C868,Shannon Evans,dustin32@example.net,45,Other,NC,2022-11-10,Monthly
C869,Denise Mitchell,timothy09@example.com,55,Other,CA,2020-09-04,Yearly
C870,Cindy Pearson,madelinemoore@example.com,42,Other,MA,2024-04-25,None
C871,Jay Hopkins,amymcmillan@example.net,44,M,FL,2022-08-07,Yearly
C872,Casey Jones DDS,vperry@example.net,30,M,CA,2021-04-24,None
C873,Brenda Baldwin,swong@example.org,64,M,VA,2025-03-28,None
C874,Madeline Lopez,pamelabell@example.com,53,Other,FL,2024-02-25,Yearly
C875,Thomas Carson,angelacarr@example.com,32,F,WA,2024-09-26,Monthly
C876,Emma Russell,james02@example.com,36,M,VA,2023-02-05,None
C877,Andrew Gilbert,ramosashley@example.net,19,M,GA,2023-03-25,Monthly
C878,Jacqueline Donovan,davidguerrero@example.org,59,Other,CA,2021-03-21,Yearly
C879,Christine Graves,martinjonathan@example.com,59,M,OH,2024-03-13,None
C880,Michael Davis,osbornenatalie@example.org,53,Other,MA,2023-01-11,Yearly
C881,David Vega,fjohnson@example.net,35,Other,PA,2023-11-18,None
C882,Ashley Adams,melissasmith@example.com,53,M,VA,2022-10-24,Monthly
C883,Sarah Ortiz,aguilarkristina@example.net,60,M,WA,2024-10-07,Yearly
C884,William Le,michaelskinner@example.net,32,F,WA,2024-11-29,None
C885,Vanessa Richards,kylehodge@example.com,24,M,TX,2025-02-18,Yearly
C886,Dustin Snyder,websterlaura@example.org,65,Other,WA,2024-04-06,None
C887,Sabrina Walker,williammoore@example.org,44,F,TX,2023-06-26,Yearly
C888,Patricia Duncan,lwilliams@example.com,48,F,NJ,2022-01-20,Monthly
C889,Chad Wright,matthew38@example.net,58,Other,MI,2025-04-17,Yearly
C890,Lindsey Miller,mjohnson@example.com,66,Other,GA,2023-11-24,Monthly
C891,Holly May,troyhammond@example.com,62,M,MI,2022-05-02,Yearly
C892,David Phillips,privera@example.org,61,Other,WA,2024-02-08,Yearly
C893,Melanie Lin DDS,danielle49@example.net,21,Other,PA,2022-01-27,None
C894,Gina Roberts,kaitlin10@example.net,38,F,NY,2025-02-09,Monthly
C895,William Carter,brian66@example.com,27,Other,NY,2024-11-12,Monthly
C896,Keith Black,barajasricardo@example.com,65,M,NC,2025-06-23,Monthly
C897,Caitlyn Jennings,courtneyhoffman@example.com,46,F,CA,2023-03-18,Monthly
C898,Jason Bolton,pfleming@example.org,67,Other,NY,2022-07-09,Yearly
C899,Debra Sims,carol49@example.com,36,M,VA,2022-10-27,None
C900,Dylan Mitchell,christianamy@example.org,68,F,CA,2023-12-19,Monthly
C901,Nicole Winters,mitchelljoel@example.org,48,F,IL,2022-06-04,Monthly
C902,Arthur Ramsey,davidsmith@example.com,70,Other,MA,2025-01-27,Yearly
C903,Charles Murphy MD,cochrancolin@example.org,61,F,VA,2024-03-14,Yearly
C904,Austin Green,patriciagrant@example.net,30,Other,WA,2025-06-23,None
C905,William Cook,thomaszachary@example.org,46,F,NJ,2021-02-14,Yearly
C906,Juan Bennett,richard29@example.com,32,M,NJ,2023-11-11,None
C907,Zachary Jones,brucepatricia@example.net,64,Other,NJ,2024-08-06,Monthly
C908,Michael Guzman,donaldklein@example.org,46,Other,NJ,2021-12-25,None
C909,Yvette Reilly,hollyoneill@example.com,27,F,NJ,2022-04-26,None
C910,Natalie Olson,zacharyparker@example.com,55,F,NC,2023-08-10,Yearly
C911,Hunter Robinson,joseph88@example.com,67,F,WA,2020-08-17,Monthly
C912,Dr. Joshua Dominguez MD,kathleen79@example.net,62,F,IL,2025-04-25,None
C913,Brad Holland,otaylor@example.net,61,F,FL,2024-10-08,Monthly
C914,Sabrina Downs MD,iwatts@example.net,54,Other,WA,2023-03-23,None
C915,Mark Myers,mhughes@example.org,27,M,GA,2024-10-22,Yearly
C916,Patricia Harris,ricardowheeler@example.com,39,Other,NC,2024-03-10,Monthly
C917,Lauren Garcia,roblesrobert@example.org,47,M,CA,2021-08-16,Monthly
C918,Donald Robinson,rebeccahernandez@example.com,37,F,WA,2022-05-09,Monthly
C919,Michael Stevens DDS,tarahampton@example.net,62,Other,NY,2021-01-31,Yearly
C920,Laura Diaz,janetwiley@example.net,60,F,FL,2024-02-07,Yearly
C921,Timothy Washington,davisjustin@example.net,66,M,TX,2021-12-21,Yearly
C922,Alexander Pennington,jamiecunningham@example.org,49,F,GA,2023-05-26,Monthly
C923,Michael Clark,marqueztheresa@example.net,37,F,MI,2022-03-05,Monthly
C924,Kelly Salazar,kristenwatson@example.com,62,M,WA,2024-11-01,None
C925,Jennifer Martinez PhD,lbarnes@example.net,23,M,VA,2021-11-05,Monthly
C926,Tasha Berry,woodsjason@example.com,47,Other,FL,2020-09-10,None
C927,Ariana Marquez,greggcasey@example.com,63,Other,NY,2022-11-16,Yearly
C928,Nicholas Miranda,leewhite@example.org,42,M,FL,2022-09-23,Yearly
C929,Mark Livingston,megan61@example.net,45,F,GA,2020-11-16,Yearly
C930,Lori Boone,christinamurphy@example.net,40,M,OH,2025-04-21,None
C931,Amy Anderson,nicole03@example.net,28,Other,IL,2022-06-25,Yearly
C932,Dr. Kimberly Hernandez,pittspeggy@example.net,70,M,GA,2021-07-28,Yearly
C933,Sara Ford,jeffreygood@example.com,70,M,IL,2023-11-19,Monthly
C934,Tracey Valencia,joseph29@example.net,44,F,MA,2025-04-26,Monthly
C935,Victor Branch,fwells@example.net,48,F,TX,2024-05-12,Yearly
C936,Christine Hamilton,colleenreed@example.org,32,F,CA,2021-08-10,None
C937,David Parsons,walshandre@example.net,49,F,MA,2021-12-06,Yearly
C938,Kyle Valdez,denisemay@example.org,35,F,VA,2025-07-31,Monthly
C939,Carl Guerrero,rangeljill@example.com,20,F,FL,2023-07-18,None
C940,Edgar Jenkins,melissa71@example.org,58,Other,FL,2023-06-07,Monthly
C941,Brenda Jones,sarayoung@example.net,64,Other,CA,2025-08-02,None
C942,Gerald Reyes,beckerelizabeth@example.net,42,M,TX,2022-05-26,Monthly
C943,Lydia Carr,natasha02@example.org,34,M,FL,2024-12-06,Monthly
C944,Laura Cole,ogriffin@example.net,62,Other,NY,2024-01-21,Yearly
C945,Linda Bradley,ojohnson@example.com,50,F,FL,2022-06-18,None
C946,Teresa Chavez,agreen@example.net,39,F,MI,2021-03-30,None
C947,Gary Boyer PhD,nicholewood@example.net,60,Other,MA,2022-06-25,Yearly
C948,Amber Cline,williamsonrebecca@example.net,49,M,IL,2021-07-22,Yearly
C949,Tony Lewis,cooperherbert@example.org,70,Other,FL,2022-04-13,None
C950,Lindsay Hawkins,imontes@example.org,59,Other,MI,2020-11-16,Monthly
C951,Gabrielle Ballard,rcardenas@example.net,40,M,WA,2021-06-04,None
C952,April Fernandez,angela93@example.net,45,Other,OH,2025-05-16,Yearly
C953,Raymond Davidson,chelsey80@example.com,66,Other,VA,2023-11-09,Yearly
C954,Jerome Miller,conleyashley@example.net,66,F,FL,2022-08-04,Yearly
C955,Michael Castro,brittany36@example.net,62,Other,IL,2021-08-12,None
C956,Brian Davis,patrickkristy@example.com,63,Other,PA,2021-03-31,Yearly
C957,Dustin Marshall,smathis@example.org,18,Other,VA,2024-08-02,Yearly
C958,Joseph Ray,popesarah@example.org,58,M,GA,2025-07-28,None
C959,Thomas Garcia,gomezmichael@example.com,19,Other,WA,2022-11-28,None
C960,Donald Horton,leslielong@example.org,56,M,WA,2025-03-07,Monthly
C961,Cheryl Owen,danielclark@example.com,18,Other,NY,2025-04-22,None
C962,Rachel Moore,michellebutler@example.org,38,M,GA,2023-03-15,None
C963,Nathan Mueller,ialvarado@example.net,53,F,MI,2023-02-10,None
C964,Kimberly Patterson,rogershelton@example.org,40,F,NJ,2023-09-15,Yearly
C965,Mr. Matthew Adams Jr.,vmullen@example.com,28,Other,PA,2021-01-16,None
C966,Steven Hall,gcarter@example.net,40,Other,NC,2020-11-08,Yearly
C967,Carla Ross,pmartin@example.net,47,F,PA,2024-07-02,None
C968,Patricia Barnes,ajones@example.net,58,Other,NC,2020-08-22,None
C969,Robert Lynch,shicks@example.com,45,F,MA,2022-07-27,Monthly
C970,Ann Collins DDS,gina13@example.com,45,M,OH,2024-07-07,Yearly
C971,Jennifer Rodriguez,ocohen@example.net,39,F,MA,2021-02-01,None
C972,David Hutchinson,torresjill@example.org,43,M,VA,2025-08-13,Yearly
C973,Brian Anthony,mckenzie78@example.com,59,Other,PA,2023-10-23,Monthly
C974,Alyssa Padilla,stephen14@example.net,38,F,NJ,2023-11-28,None
C975,David Brown,mirandaemma@example.net,65,F,TX,2021-12-10,Yearly
C976,Sandra Torres,richardsonhannah@example.com,26,Other,OH,2023-11-02,None
C977,Courtney Moore,brenda41@example.com,25,F,GA,2020-12-29,None
C978,Misty Greer,rdunlap@example.net,51,M,TX,2020-10-17,None
C979,Anthony Hernandez,murphydaniel@example.com,34,M,GA,2023-11-05,Monthly
C980,Theodore Peck,jeffrey57@example.org,39,Other,CA,2023-07-24,Monthly
C981,Melanie Palmer,cbarrera@example.net,51,Other,MA,2021-08-29,Monthly
C982,Harold Tanner,mariagutierrez@example.org,50,M,VA,2020-10-13,Yearly
C983,Dana Miranda,mwilliams@example.com,65,M,VA,2020-11-13,Monthly
C984,Michael Hurst,barnettjoseph@example.net,65,F,MA,2025-01-15,None
C985,Tim Brooks,duane01@example.com,63,M,OH,2025-07-05,Monthly
C986,Crystal Edwards,jhorton@example.net,63,Other,IL,2022-06-20,Yearly
C987,Mark Snyder,srogers@example.org,39,Other,CA,2023-08-21,Monthly
C988,Chelsea Bailey,shannonjackson@example.com,23,F,TX,2020-12-20,Yearly
C989,Emily Maldonado,amy36@example.net,62,M,TX,2024-08-11,Monthly
C990,Kristina Frederick,oromero@example.net,47,Other,GA,2025-01-22,None
C991,Christopher Campbell,alexandraramos@example.org,56,Other,MI,2023-02-15,None
C992,Jonathan Anthony,michaeljohnson@example.net,34,F,VA,2023-01-10,Yearly
C993,Anna Wallace,dellis@example.org,24,M,IL,2022-11-07,None
C994,Alexander Harrell,peter87@example.org,30,F,MI,2020-12-13,None
C995,Jackson Duran,denise76@example.net,36,M,NC,2024-07-30,Yearly
C996,April Smith,watersjeremiah@example.org,49,M,IL,2021-11-14,None
C997,Scott Henry,michelle60@example.net,27,F,IL,2024-04-08,Yearly
C998,Rachael Vega,jessica01@example.org,44,F,WA,2023-12-28,Monthly
C999,Laurie Pearson,jessebowman@example.net,42,M,MI,2024-02-20,Yearly
C1000,Christopher Rodriguez,levinerenee@example.org,47,F,MI,2021-02-09,Monthly
C1001,Bonnie Faulkner,acostakevin@example.com,50,Other,MA,2021-06-07,None
C1002,Michael Tran,mlucas@example.net,27,Other,WA,2022-03-17,None
C1003,Kristen Williams,suzannethomas@example.org,59,Other,MI,2023-07-31,None
C1004,Nicholas Walker,debra13@example.com,51,M,NJ,2022-04-07,None
C1005,Katherine Palmer,davidmartin@example.net,47,M,TX,2024-12-04,Monthly
C1006,Sarah Williams,rebecca02@example.net,33,Other,VA,2025-02-12,None
C1007,Michael Miller,daniel79@example.com,58,M,WA,2021-08-25,Yearly
C1008,Victor Carpenter,steven02@example.org,61,M,PA,2021-12-06,Yearly
C1009,Jessica Schmidt,davidcolon@example.net,58,M,WA,2020-11-10,Monthly
C1010,Christopher Keller,clarkheidi@example.org,63,Other,WA,2022-08-06,Monthly
C1011,Michael Stevens,zmendoza@example.org,56,M,NJ,2023-11-10,Yearly
C1012,Scott Hall Jr.,huffmanjoanna@example.com,70,M,OH,2022-09-15,None
C1013,Melissa Daniels,julie99@example.org,60,F,NJ,2024-01-21,Yearly
C1014,Kristin Brown,joseph91@example.net,45,M,FL,2025-07-13,Yearly
C1015,James Odonnell,deborahalvarez@example.org,47,F,PA,2023-11-20,None
C1016,Reginald Wilson,droy@example.com,36,Other,FL,2022-03-05,Monthly
C1017,Christopher Swanson,abryant@example.org,53,M,TX,2022-05-06,Monthly
C1018,Lisa Williams,travis67@example.org,20,M,VA,2025-02-02,Yearly
C1019,Michelle Hebert,andrewsrebecca@example.org,56,Other,PA,2025-04-13,None
C1020,Tracey Ruiz,glawrence@example.net,57,Other,TX,2023-01-31,Yearly
C1021,Jessica Mejia,ruthalvarado@example.org,28,Other,WA,2021-08-26,Yearly
C1022,Valerie Evans,michael93@example.com,38,M,IL,2023-11-20,Monthly
C1023,Diana Nguyen,diazisabel@example.net,60,F,GA,2024-12-19,None
C1024,Stephanie Mcclure,tuckerronnie@example.org,64,F,FL,2022-06-16,Monthly
C1025,Zachary Phillips,miguelnoble@example.net,42,Other,TX,2021-07-15,None
C1026,Justin Ellis,idavis@example.net,24,M,WA,2021-06-13,None
C1027,Kristen Carroll,pross@example.org,43,F,NJ,2021-03-12,Yearly
C1028,Christie Gilbert DVM,mmartin@example.org,23,Other,TX,2024-06-08,Monthly
C1029,Kevin Rodgers,adam70@example.org,67,M,MI,2022-10-04,Monthly
C1030,Zachary Williams,corey97@example.net,62,Other,MA,2024-02-26,None
C1031,Christine Lawson,xpacheco@example.net,45,F,FL,2020-11-10,None
C1032,Mary Sandoval,jeremy20@example.com,67,M,GA,2023-11-08,Monthly
C1033,Jennifer Tucker,omills@example.net,20,M,NC,2021-02-15,Yearly
C1034,Chelsea Tran,brendacummings@example.net,33,F,PA,2025-05-08,Yearly
C1035,Robert Wong,benjaminstewart@example.net,59,M,OH,2022-02-19,None
C1036,Teresa Smith,kevincollins@example.net,31,F,PA,2022-10-06,Monthly
C1037,Sheila Miller,tford@example.com,27,M,PA,2022-01-29,Monthly
C1038,David Chaney,yangmary@example.org,43,F,VA,2020-11-18,Yearly
C1039,Sarah Todd,arellanovalerie@example.com,63,F,FL,2021-06-03,Yearly
C1040,Rachel Garcia,peterchambers@example.com,55,M,CA,2021-08-04,None
C1041,Elizabeth Saunders,dennis76@example.org,38,M,MA,2023-10-23,Monthly
C1042,Jacob Barnett Jr.,mark61@example.net,57,M,CA,2024-02-08,None
C1043,Jessica Marshall,james92@example.org,31,M,PA,2021-03-20,Monthly
C1044,Heather Ramirez,thomas94@example.org,22,M,NJ,2024-06-02,None
C1045,Lori Valentine,sarah25@example.net,52,Other,WA,2021-04-09,Monthly
C1046,Daniel Cross,edwardruiz@example.com,59,F,NJ,2023-02-13,Yearly
C1047,Jeremiah Howard,pthomas@example.org,48,M,NC,2022-05-01,Yearly
C1048,Ronald Williams,martinezjames@example.org,64,M,OH,2022-06-21,Yearly
C1049,Michael Perez,kristawilson@example.org,64,M,PA,2021-02-03,Monthly
C1050,Alex Martinez,zmartin@example.net,67,F,GA,2022-04-23,Yearly
C1051,Michelle Austin,lynnashley@example.com,21,F,MI,2025-01-22,Monthly
C1052,James Green,ipowell@example.net,51,F,VA,2022-09-22,None
C1053,Maria Byrd,stokeslinda@example.net,55,M,CA,2025-07-30,Yearly
C1054,Jeffrey Howard,qcook@example.org,25,M,PA,2022-11-19,None
C1055,Jonathan Nichols,gwilliams@example.com,40,Other,NY,2025-07-23,Monthly
C1056,Anna Thompson,elizabethgonzalez@example.net,56,Other,IL,2023-03-19,None
C1057,Mark Diaz,brandi38@example.net,28,F,GA,2024-02-12,None
C1058,Taylor Henderson,mike65@example.net,68,M,MI,2022-06-16,None
C1059,Dawn Cruz,paul80@example.net,43,F,GA,2022-07-25,None
C1060,Ashley Gonzalez,marklindsey@example.org,43,Other,NY,2022-12-21,Yearly
C1061,Christy Carroll,cliffordjenkins@example.net,23,M,PA,2021-09-14,Yearly
C1062,Shannon Powell,michael90@example.org,69,Other,NY,2022-04-27,None
C1063,Jennifer Fisher,angela33@example.net,66,F,CA,2024-11-26,Yearly
C1064,Jamie Rodriguez,michael87@example.net,44,F,PA,2023-07-26,Yearly
C1065,Tracy Walker,uvazquez@example.com,29,Other,MA,2024-08-16,Monthly
C1066,Anthony Wilkinson,zacharygarcia@example.org,23,Other,PA,2024-07-11,None
C1067,Angela Salazar,yjones@example.com,65,Other,TX,2024-09-29,Monthly
C1068,Joseph Jones,sbrown@example.net,19,M,IL,2022-09-26,Yearly
C1069,Ryan Holloway,jguzman@example.org,48,F,NC,2022-12-31,Yearly
C1070,Brianna Kirby,wayne12@example.com,36,M,VA,2025-03-19,Yearly
C1071,Catherine Carter,bmoore@example.com,35,F,NJ,2024-08-25,None
C1072,Bradley Zimmerman,swallace@example.com,43,Other,NC,2022-10-28,Monthly
C1073,Manuel Torres,dbrown@example.net,26,Other,VA,2023-09-22,Yearly
C1074,Christopher Robinson,swilliams@example.org,24,F,NJ,2022-10-24,Yearly
C1075,Mary Salazar,sherryvang@example.org,56,F,CA,2022-03-20,None
C1076,Katrina Simpson,chloeevans@example.org,43,M,PA,2022-05-21,None
C1077,John Benjamin,wadechristina@example.net,27,F,PA,2025-01-01,Yearly
C1078,Patricia Nelson,xlam@example.net,53,Other,NC,2025-04-29,Yearly
C1079,Tony Gardner,schultzmark@example.com,27,Other,CA,2021-09-27,Yearly
C1080,John Huber,talexander@example.net,39,M,GA,2025-02-24,None
C1081,John Anthony,lgardner@example.org,58,M,WA,2022-09-29,None
C1082,Charlotte Murphy,lauralittle@example.com,47,Other,CA,2024-02-04,Monthly
C1083,Brandon Huang,ginaosborne@example.net,61,Other,NC,2023-08-22,Monthly
C1084,Daniel Smith,mfreeman@example.com,57,F,GA,2021-05-06,None
C1085,Amanda Bailey,megan42@example.net,21,M,PA,2022-02-23,Monthly
C1086,Rebecca Rodriguez,karenperez@example.net,32,Other,NC,2022-05-23,Yearly
C1087,John Johnson,kimberly06@example.org,65,Other,IL,2023-01-24,Monthly
C1088,Stephanie Bailey,laura45@example.com,69,F,NC,2021-12-10,Monthly
C1089,Mrs. Tracey Cummings,michellehart@example.com,22,M,CA,2023-05-29,Monthly
C1090,Michelle Berry,morganshannon@example.com,70,M,VA,2025-06-13,None
C1091,Sandra Cook,jacksondonald@example.com,45,F,FL,2021-09-13,Yearly
C1092,Trevor Ali IV,mcdonaldkenneth@example.com,34,F,FL,2021-01-01,Yearly
C1093,Carol Reed,brownadam@example.net,31,Other,NJ,2023-03-24,Monthly
C1094,Robert Porter,katie34@example.org,22,F,NC,2021-11-11,Monthly
C1095,Christopher Kennedy,twheeler@example.net,44,F,OH,2020-11-14,Yearly
C1096,Mark Allen,kimberly84@example.org,43,Other,NY,2025-07-29,None
C1097,Janice Hanson,maddoxjoseph@example.com,50,F,MA,2023-03-04,Monthly
C1098,Thomas Peterson,smithtroy@example.com,38,Other,NC,2024-07-24,Monthly
C1099,Matthew Mcgee,dallen@example.org,63,M,FL,2022-03-31,Yearly
C1100,Chris Boyd,rlopez@example.org,51,F,TX,2023-02-05,Yearly
C1101,Jennifer Williams,karenlester@example.org,27,Other,GA,2021-07-04,Monthly
C1102,Samuel Johnson,amandadavid@example.com,69,M,VA,2023-09-14,Monthly
C1103,Jordan Phillips,ygarner@example.org,40,M,NC,2024-08-21,None
C1104,Rebecca Ellis,laura40@example.com,30,F,GA,2022-04-28,Yearly
C1105,Carlos Richard,christina49@example.net,49,Other,FL,2024-02-04,Yearly
C1106,Corey Hernandez,susan22@example.com,60,M,IL,2023-09-03,Monthly
C1107,Anthony Hayes,rebeccahorn@example.net,68,M,WA,2024-11-28,Monthly
C1108,Michael Mercer,diana09@example.net,36,F,OH,2021-05-18,Yearly
C1109,Richard Hoffman,randallchase@example.net,33,M,MA,2024-04-30,Yearly
C1110,Samuel Heath,wflores@example.org,50,F,MI,2022-10-20,Yearly
C1111,Mike Thomas,ryoung@example.net,27,M,PA,2024-12-19,Yearly
C1112,Melvin Hayes,qneal@example.org,25,M,NJ,2024-12-30,Monthly
C1113,Mr. Wayne Mccormick III,hphillips@example.com,19,M,FL,2021-05-23,Yearly
C1114,Theresa Morgan,gstephenson@example.org,27,M,CA,2024-08-19,None
C1115,Michael Thompson,christinahall@example.org,67,F,TX,2021-07-07,Monthly
C1116,Matthew Fisher,hawkinsalyssa@example.org,27,M,MI,2022-06-03,None
C1117,Kevin Sloan,kerry64@example.net,29,F,MI,2025-04-02,None
C1118,Michael Phillips,maysbrian@example.net,41,Other,TX,2024-06-17,Yearly
C1119,Monique Rogers,jonathanbenson@example.org,22,F,OH,2024-07-04,Yearly
C1120,Meredith Reid,alyssa14@example.net,68,F,MI,2022-03-22,Monthly
C1121,Audrey Kelly,danielellis@example.com,49,Other,NY,2022-02-21,None
C1122,William Acevedo,zcunningham@example.org,55,Other,OH,2023-03-21,Monthly
C1123,Bruce Morris,jmoore@example.net,46,F,MA,2024-05-29,Yearly
C1124,Amanda Walker,christopherbarber@example.com,40,M,MA,2022-01-26,Monthly
C1125,Michelle Phillips,tammy59@example.net,59,M,NJ,2024-10-11,Monthly
C1126,Zachary Kelly,sbrown@example.org,18,F,IL,2021-09-02,Yearly
C1127,David Myers,heather73@example.com,43,M,FL,2021-11-25,None
C1128,Stacy Bender,obrienbobby@example.org,44,Other,IL,2024-12-17,Monthly
C1129,Ashley Johnson,gardnertyler@example.com,33,Other,OH,2024-04-29,Yearly
C1130,Mark Johnston,poncekayla@example.com,56,M,NC,2021-02-01,Yearly
C1131,Mark Reeves,edwardgray@example.net,28,M,CA,2022-05-24,None
C1132,Elizabeth Luna,walkerjoseph@example.org,30,F,OH,2021-07-16,None
C1133,Madison Brewer,jennifer83@example.net,41,F,MI,2021-05-28,Yearly
C1134,Judy Swanson,cthompson@example.com,18,F,FL,2021-10-20,Monthly
C1135,Richard Lawrence,roger50@example.net,61,M,VA,2022-03-08,Yearly
C1136,Alan Duran,smithdiane@example.org,25,M,NJ,2022-09-26,Yearly
C1137,Thomas Vargas,juarezbrianna@example.org,68,F,NY,2023-02-17,Monthly
C1138,Leslie Stokes,smitherica@example.com,49,M,CA,2024-01-15,None
C1139,Jamie Evans,ofoster@example.com,46,F,IL,2023-12-01,Monthly
C1140,Haley Watson,emilyrodriguez@example.net,26,F,NC,2020-12-24,Monthly
C1141,Daniel Ramos,stephaniemartin@example.com,61,Other,FL,2024-02-16,Yearly
C1142,Douglas Thompson,debra85@example.com,55,Other,NC,2022-05-18,Yearly
C1143,Ryan Sandoval,travisortiz@example.org,62,Other,OH,2024-11-01,Yearly
C1144,Melanie Russell,rgraham@example.com,40,F,OH,2024-09-20,None
C1145,Peter Erickson,aaronfoster@example.org,21,M,FL,2022-12-25,Monthly
C1146,Sandra Rivas,leecorey@example.org,59,M,TX,2024-10-31,Yearly
C1147,Scott Estrada,julie00@example.com,28,F,CA,2023-09-17,Yearly
C1148,John Hawkins,anguyen@example.com,48,Other,NJ,2024-06-04,None
C1149,Shirley Wood,shannonsanders@example.com,37,F,OH,2022-02-16,Yearly
C1150,Mark Reeves,dawn75@example.org,35,M,WA,2021-02-16,Monthly
C1151,Beverly Martinez,zedwards@example.com,24,F,PA,2024-07-03,None
C1152,William Smith,ellenpatel@example.net,70,Other,TX,2023-01-20,Yearly
C1153,Brian Beard,vtaylor@example.org,29,M,TX,2023-01-23,Monthly
C1154,Jenna Diaz,jerry88@example.com,27,F,PA,2022-03-25,Monthly
C1155,Mark Bishop,greenjoe@example.com,55,F,CA,2024-09-02,None
C1156,Samuel Peters,nicholas34@example.com,62,M,PA,2021-04-14,Monthly
C1157,Rodney Jones DDS,renee21@example.net,64,M,MI,2020-08-30,None
C1158,Matthew Morrison,regina81@example.com,29,F,TX,2021-05-12,None
C1159,Lauren Alexander,rebeccabryant@example.com,68,M,TX,2020-09-14,Yearly
C1160,David Peterson,jschmidt@example.net,52,F,NJ,2024-03-10,Yearly
C1161,Stephanie Moore,hudsondale@example.com,32,M,GA,2020-09-20,Monthly
C1162,Ruth Woods,juanwatkins@example.net,22,M,NY,2023-05-30,Monthly
C1163,Ashlee Spencer,rodriguezgary@example.com,69,F,GA,2021-01-30,Yearly
C1164,Virginia White,jasminehoward@example.net,51,F,PA,2021-06-08,Yearly
C1165,Michael Harrington,davidhobbs@example.com,33,Other,CA,2021-01-30,Monthly
C1166,Bobby Jackson,erincaldwell@example.com,34,Other,MI,2021-11-13,Yearly
C1167,John Peterson,acarroll@example.net,57,F,FL,2022-12-11,Monthly
C1168,Bruce Hull,teresadunn@example.org,65,F,WA,2023-11-28,Monthly
C1169,Michele Hamilton,andrew46@example.org,49,F,NJ,2025-03-15,Yearly
C1170,Paul Baxter,millsjohn@example.net,29,Other,PA,2024-09-01,None
C1171,Peter Obrien,connor16@example.com,20,F,MI,2025-04-07,None
C1172,Jackie Brown,courtneytownsend@example.com,25,F,GA,2025-04-04,None
C1173,Dr. Daniel Oliver,perkinstiffany@example.org,55,M,CA,2024-02-03,Yearly
C1174,Eric Dean,matthewgibbs@example.org,27,Other,NJ,2021-06-09,None
C1175,Ralph Johnson,barbara23@example.net,70,M,PA,2020-12-24,Monthly
C1176,Emily Mccarthy,clintonvelez@example.net,38,F,IL,2022-09-15,Monthly
C1177,Denise Brown,janicebass@example.org,21,Other,MA,2022-08-07,None
C1178,Dylan Smith,rodriguezadam@example.org,32,F,TX,2022-09-14,Monthly
C1179,Michael Delacruz,john82@example.net,24,F,OH,2021-11-14,Monthly
C1180,Tracy Stone,melissaboyle@example.org,60,F,GA,2023-03-02,Monthly
C1181,Maria Clark,penny66@example.org,65,Other,MA,2022-06-21,None
C1182,Jennifer Holland,mitchelledward@example.net,27,Other,IL,2023-01-28,Yearly
C1183,Angela Mendez,woodjennifer@example.org,50,Other,NJ,2024-02-19,Yearly
C1184,Curtis Zamora,mark36@example.com,31,F,IL,2021-02-07,None
C1185,Carrie Rios,scottarnold@example.com,54,M,NY,2025-03-21,Yearly
C1186,Thomas Bishop,tammy60@example.net,50,F,NJ,2022-11-20,None
C1187,Christine Gilbert,patricia60@example.net,44,Other,VA,2023-07-13,Yearly
C1188,Nicole Byrd,robinsonjasmine@example.net,37,M,GA,2021-06-08,None
C1189,Nathan Miller,melissa17@example.com,70,F,PA,2022-09-20,Yearly
C1190,Brandon Spencer,vickie27@example.com,50,F,WA,2023-05-06,Yearly
C1191,Kevin Smith,garnertroy@example.org,37,M,NY,2022-03-02,Yearly
C1192,Valerie Baker,vwarren@example.net,61,M,GA,2024-06-07,Monthly
C1193,Michelle Moore,danielle42@example.com,54,Other,CA,2021-02-04,None
C1194,Kristina Smith,markgeorge@example.com,69,Other,FL,2024-10-16,Monthly
C1195,Mark Guzman,ischneider@example.net,37,M,WA,2021-08-30,None
C1196,James Wells,cobrien@example.org,41,F,OH,2025-07-20,Yearly
C1197,Jacqueline Cox,joanna81@example.com,50,Other,NJ,2022-02-19,Yearly
C1198,James Davis,cevans@example.com,21,M,PA,2021-02-24,None
C1199,Joyce Wright,haydenknight@example.com,36,F,TX,2021-07-08,None
C1200,Candice Moore,evelynhines@example.org,31,Other,FL,2023-03-25,Monthly
C1201,Christine White,djones@example.com,23,Other,CA,2024-10-18,None
C1202,Eric Johnson,heathertate@example.com,35,F,CA,2025-03-20,None
C1203,Miguel Torres,judithrogers@example.net,38,M,IL,2024-02-15,Monthly
C1204,Christopher Salinas,larrycannon@example.org,35,F,PA,2021-03-08,Monthly
C1205,Shelley Freeman,xclements@example.net,67,F,GA,2023-10-21,Yearly
C1206,Elizabeth Russell,karenkelly@example.net,20,M,FL,2024-10-14,Monthly
C1207,Lisa Wright,hgray@example.org,70,M,TX,2023-08-29,Monthly
C1208,Ashley Fritz,melissaharris@example.com,60,F,IL,2023-05-17,Monthly
C1209,William Brooks,brandonwarren@example.com,53,M,CA,2020-08-31,Yearly
C1210,Marcus Jackson,gregory66@example.com,51,F,GA,2023-01-12,Monthly
C1211,Michael Higgins,aaronsmith@example.net,44,F,NJ,2025-07-19,Monthly
C1212,Carlos Potts,briankim@example.org,32,F,OH,2021-12-15,None
C1213,John Leon,patricia21@example.org,67,M,NC,2022-01-03,Yearly
C1214,Ronald Quinn,brenda60@example.net,42,F,NJ,2021-05-02,None
C1215,Jessica Duncan DVM,brandi56@example.com,50,Other,WA,2021-06-05,None
C1216,David Foster,kaustin@example.com,41,M,FL,2020-09-07,Yearly
C1217,Bailey Johnson,osimmons@example.com,36,F,PA,2023-01-03,None
C1218,Kelly Fry,mullenjeanette@example.org,59,F,GA,2024-10-29,Yearly
C1219,Ashley Hall,gmoon@example.org,45,M,NY,2022-10-25,None
C1220,Derek Thomas,nvalenzuela@example.org,57,M,MI,2022-07-30,None
C1221,Kathleen Stewart,zmeyer@example.com,24,F,FL,2021-08-03,Monthly
C1222,Alex Silva,eperez@example.net,50,F,PA,2024-04-12,None
C1223,Robert Walter,tclarke@example.com,38,Other,NJ,2021-06-05,Monthly
C1224,Debra Webb,luisvaughan@example.net,33,M,TX,2022-04-07,Yearly
C1225,Christian Saunders,curryabigail@example.com,43,F,FL,2025-06-18,Yearly
C1226,Shaun Hernandez,goldenheather@example.com,33,Other,IL,2024-07-22,None
C1227,Paul Barton,cindy75@example.org,20,M,IL,2024-10-20,Yearly
C1228,Kelsey Burke,laurielopez@example.org,39,F,MA,2021-07-29,Yearly
C1229,Richard Henry,emilystewart@example.org,43,Other,FL,2024-03-06,Monthly
C1230,Benjamin Johnson,nicolemiller@example.net,41,F,WA,2023-12-15,None
C1231,Mason Adams,dyoung@example.org,32,F,CA,2024-04-20,None
C1232,Diane Martin,saraalvarez@example.com,56,M,OH,2021-03-12,Monthly
C1233,Robert Russell,blackdavid@example.com,19,Other,IL,2022-01-11,Monthly
C1234,Jeanette Morgan,tannerwalters@example.net,70,Other,NY,2021-06-24,Monthly
C1235,Jerry Ramirez,tcollins@example.com,60,M,WA,2020-12-04,None
C1236,Michael Hernandez,brittany22@example.net,57,F,IL,2022-01-14,None
C1237,Ashley Garcia,margaretdavis@example.com,35,M,WA,2025-06-12,Monthly
C1238,Erin Perez,christopherbaker@example.com,24,Other,VA,2024-08-05,None
C1239,Mia Green,gmartin@example.com,48,M,NC,2022-03-14,Monthly
C1240,Jasmin Frank,shannon50@example.net,39,Other,WA,2021-01-10,None
C1241,Connie Nolan,coryaguilar@example.com,45,M,PA,2022-12-22,Monthly
C1242,Barbara Long,kristophersmith@example.org,29,F,TX,2020-09-23,Monthly
C1243,Jessica Ellison,kaitlyn96@example.com,64,Other,PA,2023-03-13,None
C1244,Ann Mitchell,thompsonscott@example.org,30,F,TX,2022-08-16,Monthly
C1245,Christopher Smith MD,dcurtis@example.net,35,Other,CA,2024-12-11,Yearly
C1246,Nicholas Pierce,stephenmorrow@example.org,35,Other,CA,2020-11-26,Yearly
C1247,Devin Collins MD,hhoward@example.net,24,Other,MA,2021-02-15,Monthly
C1248,Steve Burns,yhancock@example.org,59,F,FL,2020-12-18,None
C1249,Joseph Lyons,mitchell67@example.com,21,M,GA,2024-02-05,Monthly
C1250,Chelsea Taylor,tammyhaley@example.org,66,M,NJ,2023-01-28,Yearly
C1251,Adam Newman,kimberlywatson@example.org,28,F,VA,2025-05-11,Yearly
C1252,Sarah Carter,chelsea91@example.org,34,F,CA,2024-07-13,None
C1253,Debra Mcdonald,kristycampos@example.org,47,M,FL,2023-11-04,Monthly
C1254,Daniel Ellis,williamhunt@example.net,67,Other,MI,2020-09-28,Yearly
C1255,Corey Cunningham,imitchell@example.org,64,F,NY,2023-10-12,Yearly
C1256,Ashley Alvarez,bhuffman@example.net,27,Other,MA,2023-09-12,None
C1257,Michele Strong,wallacelarry@example.com,47,F,NC,2022-11-16,None
C1258,Julia Schaefer,tammyguzman@example.net,32,F,TX,2020-11-01,None
C1259,Steven Stone,kathyross@example.net,66,F,VA,2020-12-01,None
C1260,James Bailey,cameron15@example.org,65,F,FL,2023-12-25,Monthly
C1261,David Bailey,melissa52@example.org,60,Other,CA,2021-07-05,Yearly
C1262,Aaron Zimmerman,melanieramirez@example.com,49,M,MA,2022-03-31,Monthly
C1263,Timothy Oliver,kevinwalker@example.org,59,F,FL,2021-07-12,None
C1264,Casey Hernandez,julianharris@example.net,44,F,TX,2022-11-20,Monthly
C1265,Kevin Wilson,jodiwilliams@example.com,55,Other,MA,2024-03-12,Yearly
C1266,Mr. Roger Schmitt,jamesallen@example.com,41,F,TX,2025-05-07,Yearly
C1267,Michael Owen MD,seanvance@example.com,20,Other,TX,2021-12-30,Yearly
C1268,Christopher Jennings,ublackburn@example.org,18,M,FL,2023-01-05,Monthly
C1269,Alex Henderson,deborah64@example.net,23,F,WA,2023-02-26,Monthly
C1270,Megan Reynolds,brandonmcbride@example.net,33,F,OH,2023-03-18,Yearly
C1271,Deanna Fields,mejiakatherine@example.net,68,F,OH,2025-04-27,Yearly
C1272,Monique Moyer,lmartinez@example.net,63,F,MA,2025-08-04,None
C1273,Heidi Hogan,isimpson@example.net,24,M,TX,2024-07-22,None
C1274,Tracy Gomez,gloveralex@example.com,33,M,TX,2024-02-26,Monthly
C1275,Lindsey Shepard,brian96@example.net,21,Other,VA,2021-12-04,None
C1276,Jennifer Burton,christopher22@example.net,63,F,PA,2022-09-29,Monthly
C1277,Jessica Reid,daniel51@example.com,25,M,WA,2024-09-19,Yearly
C1278,Makayla Smith,slee@example.com,55,Other,WA,2021-08-14,Yearly
C1279,Casey Gonzales,smithcindy@example.org,65,M,IL,2023-05-29,Monthly
C1280,Caitlin Patton,bpollard@example.net,21,F,MI,2024-03-19,Monthly
C1281,Kimberly Hendrix,robertlopez@example.com,23,F,IL,2023-06-13,Monthly
C1282,Eugene Ramos,lvaughn@example.org,36,Other,TX,2024-08-24,Monthly
C1283,Janet Roberts,rachelmiller@example.net,66,M,TX,2022-04-30,Monthly
C1284,Jessica Cooper,andersonmorgan@example.com,64,Other,CA,2024-02-28,Monthly
C1285,Mary Burgess,leslie40@example.org,51,F,TX,2024-03-26,Yearly
C1286,Stephanie Smith,michelle00@example.com,44,Other,TX,2022-06-08,None
C1287,Madison Gonzales,ashleehansen@example.com,53,F,NC,2023-02-12,None
C1288,Melissa Scott,kenneth21@example.net,28,M,TX,2021-07-11,Yearly
C1289,Terri Walters,monteskatelyn@example.com,38,Other,MA,2023-08-05,Monthly
C1290,Patrick Smith,bking@example.org,42,Other,GA,2024-12-30,None
C1291,Wendy Conner,sgray@example.org,49,M,OH,2024-10-14,None
C1292,Maxwell Martin,jonessarah@example.org,60,M,OH,2022-07-26,Monthly
C1293,Bradley Collins,bakerdebra@example.net,43,Other,CA,2022-12-12,Yearly
C1294,Robert Livingston,tyler26@example.org,33,Other,FL,2021-12-01,None
C1295,Laurie Hawkins,dboone@example.net,25,F,MI,2021-06-06,Monthly
C1296,Matthew Horton,oliverbrandon@example.net,51,M,IL,2023-02-09,Yearly
C1297,Raymond Mendez,megangarner@example.org,29,F,NY,2023-12-17,None
C1298,Jasmine Stevenson,edwardsanchez@example.org,66,F,FL,2020-11-04,Yearly
C1299,Andrew Downs,grayanthony@example.com,25,Other,FL,2023-02-21,Yearly
C1300,April Garrett,david00@example.net,18,M,NJ,2023-04-16,Monthly
C1301,Robin Alvarez,abigailking@example.net,63,M,GA,2021-10-07,None
C1302,Victoria Compton,corey83@example.net,45,F,NY,2023-02-11,Monthly
C1303,Bradley Knight,derek33@example.com,29,F,GA,2023-01-18,Yearly
C1304,David Ball MD,tsingleton@example.com,40,F,NC,2025-03-09,Monthly
C1305,Michael Robinson,anelson@example.org,67,F,NC,2020-08-16,None
C1306,Carlos Hensley,bmcdaniel@example.com,58,F,WA,2020-11-21,Yearly
C1307,Fernando Jackson,wvilla@example.net,30,Other,NJ,2023-11-04,None
C1308,David Hoffman,jonesstacey@example.org,40,F,GA,2023-04-14,Yearly
C1309,Katrina Ortiz,crawforddanielle@example.net,45,M,CA,2021-12-24,Monthly
C1310,Amber Allen,douglasthompson@example.org,49,F,CA,2021-05-17,Yearly
C1311,Ronald Snyder,kylefowler@example.net,35,M,MA,2022-03-13,Monthly
C1312,Peter Jones,patriciamorrison@example.com,47,F,NJ,2023-12-05,None
C1313,Victoria White,christineleach@example.net,57,Other,MA,2021-09-14,Yearly
C1314,Eric Moore,jennifer22@example.net,58,Other,MI,2025-01-10,Yearly
C1315,Noah Webb,davidtaylor@example.com,45,Other,GA,2020-12-31,Yearly
C1316,Brittany Arroyo,zcarr@example.com,59,Other,IL,2020-12-07,Monthly
C1317,Kyle Roberts,matthew24@example.net,55,M,NY,2025-03-08,Monthly
C1318,Bradley Alvarez,ashleylowe@example.com,39,M,FL,2021-06-21,Monthly
C1319,Samantha Peterson,jameswallace@example.net,23,M,NC,2023-05-11,Yearly
C1320,Jessica Henry,mary62@example.net,53,F,WA,2021-02-14,None
C1321,Natalie Gibson,vburke@example.net,65,M,PA,2022-08-08,Yearly
C1322,Michael Murray,samuelchurch@example.net,20,M,NY,2024-12-03,Yearly
C1323,Amanda Bean,fstuart@example.org,40,M,TX,2023-09-06,None
C1324,Brandi Simmons,vjacobs@example.com,61,Other,IL,2021-04-19,Yearly
C1325,Michael Miller,williamday@example.net,18,Other,NY,2023-05-02,None
C1326,Derrick Gutierrez,knightrenee@example.net,20,Other,NY,2021-02-22,Yearly
C1327,Jason Gomez,adriangarcia@example.com,34,M,IL,2020-09-06,Yearly
C1328,Rebecca Christensen,ymeyers@example.net,35,F,GA,2023-01-14,None
C1329,Angela Mueller,rhonda27@example.org,30,Other,TX,2025-06-11,None
C1330,Alexander Giles,mnelson@example.com,61,F,NC,2021-10-05,None
C1331,Jocelyn Scott,currykimberly@example.net,54,Other,IL,2024-01-27,Monthly
C1332,Austin Moore,welliott@example.org,55,M,TX,2021-01-20,None
C1333,Stephen Zimmerman,ngrant@example.org,24,Other,WA,2023-12-27,None
C1334,Ashley Moss,vlawrence@example.com,22,M,VA,2024-03-27,Monthly
C1335,Brad Carpenter,richard02@example.org,56,Other,FL,2023-07-24,None
C1336,Luke Adams,margaret16@example.com,43,F,VA,2022-08-06,Yearly
C1337,Scott Adams,ymoran@example.net,41,F,TX,2021-01-27,None
C1338,Ryan Chambers,rebeccarodriguez@example.net,27,Other,PA,2025-01-26,Monthly
C1339,Brett Chen,warcher@example.org,59,M,NC,2021-10-30,Monthly
C1340,Joseph Santos,gonzalezjames@example.net,42,Other,TX,2023-05-07,Monthly
C1341,Christopher Cisneros,cranedavid@example.net,36,Other,MA,2021-12-22,Monthly
C1342,Austin Cole,brownjamie@example.net,65,M,MI,2024-01-22,Monthly
C1343,Brian Newman,perezmichael@example.org,67,F,WA,2021-09-04,Monthly
C1344,Daniel Green,johnpeterson@example.org,30,M,WA,2024-02-23,None
C1345,Melissa Thomas,jenny48@example.com,34,F,PA,2023-02-26,None
C1346,Matthew Gray,andersonmelissa@example.com,68,Other,IL,2023-07-31,Yearly
C1347,Megan Adams,anabooth@example.com,27,M,OH,2025-02-22,None
C1348,George Higgins,hernandezregina@example.com,31,Other,NC,2023-06-25,Monthly
C1349,David Scott,cshaffer@example.org,25,Other,MA,2024-03-18,Monthly
C1350,James Gilmore,vcox@example.org,52,M,PA,2021-01-03,Monthly
C1351,Brandon Pierce,bradymatthew@example.net,60,Other,IL,2025-03-01,Yearly
C1352,Mark Allen,zdavis@example.com,22,Other,GA,2021-03-17,None
C1353,Sean Carter,sarah29@example.com,46,F,VA,2023-03-17,None
C1354,Kimberly Rose,hoffmanerika@example.org,60,M,FL,2021-11-07,Monthly
C1355,Barbara Robinson,adamryan@example.org,70,F,VA,2021-05-15,None
C1356,Cassidy Luna,mike92@example.org,47,M,MI,2023-11-27,Yearly
C1357,Vanessa Brock,yramirez@example.com,38,F,NY,2021-12-22,Monthly
C1358,Sherry Jones,ustewart@example.com,30,M,MA,2025-07-20,Monthly
C1359,Crystal Castillo,alexander06@example.com,33,F,MI,2024-04-05,Monthly
C1360,Vernon Mooney,xdodson@example.net,26,M,PA,2022-06-04,Yearly
C1361,Ian Becker,fdaniels@example.com,22,M,CA,2023-08-10,Monthly
C1362,Scott Jackson,rachel21@example.org,60,Other,WA,2023-03-11,Monthly
C1363,Jeffrey Williams,qgallegos@example.org,59,Other,WA,2021-05-22,None
C1364,Mark Lane,sloandaniel@example.org,27,M,NC,2025-07-29,None
C1365,Diane Perry,ycarroll@example.org,48,M,VA,2022-02-18,Yearly
C1366,Laurie Miller,matthew13@example.org,62,M,WA,2022-12-05,Monthly
C1367,William Brown,diazdominique@example.com,28,Other,PA,2024-04-09,Monthly
C1368,Jordan Calhoun,jenningselizabeth@example.net,20,M,OH,2025-05-08,None
C1369,Jennifer Cortez,michaelgraham@example.com,54,M,FL,2022-06-12,Yearly
C1370,Jennifer Ellis,grossandre@example.org,69,M,MI,2022-07-18,Monthly
C1371,Samantha Wilson,uwells@example.net,19,Other,NC,2021-10-31,Yearly
C1372,Jason White,dmartin@example.org,68,Other,WA,2021-04-08,Monthly
C1373,Jeff Ward,omassey@example.net,33,F,PA,2020-12-13,Yearly
C1374,Deborah Downs,rpatton@example.org,42,M,VA,2024-05-11,Yearly
C1375,Willie Jones,wandajennings@example.net,24,F,VA,2021-10-28,Yearly
C1376,Aaron Wright,xdavis@example.net,60,M,VA,2024-04-01,Yearly
C1377,Nicholas Phillips,schmidtgerald@example.com,42,Other,WA,2022-04-14,Monthly
C1378,Jordan Hall,shawnsummers@example.com,66,M,MI,2021-12-16,Yearly
C1379,Olivia Barnett,ifitzpatrick@example.net,58,F,IL,2024-04-13,Monthly
C1380,Anthony Johnson MD,perezlauren@example.org,51,M,IL,2020-12-10,None
C1381,Dana Smith,katherinehickman@example.org,62,F,NJ,2021-12-06,Monthly
C1382,Jessica Williams,davisalexander@example.net,26,F,NY,2024-07-14,Monthly
C1383,Christopher Cole,brittany90@example.com,55,F,MA,2025-03-25,Yearly
C1384,Sara Rodriguez,jacob81@example.org,24,F,MA,2023-12-11,Yearly
C1385,Austin Curtis,aanderson@example.org,61,Other,VA,2021-09-25,Monthly
C1386,Alejandro Cruz,tracey38@example.org,51,M,FL,2021-07-28,None
C1387,Laura Anderson,petersstephen@example.net,48,M,FL,2021-11-21,Yearly
C1388,Katelyn Garcia,joseph25@example.net,20,F,OH,2023-06-23,Monthly
C1389,Ivan Miller,brian12@example.org,66,Other,OH,2024-10-12,Monthly
C1390,Elizabeth Moore,paul52@example.net,34,Other,FL,2024-01-20,Yearly
C1391,Mark Davidson,jasmine60@example.org,46,M,NJ,2024-08-03,Monthly
C1392,Philip Smith,stephen54@example.net,34,Other,FL,2022-09-23,None
C1393,Rebecca Dyer,wendyrichardson@example.net,52,M,WA,2025-06-28,None
C1394,Alan Blankenship,ssanders@example.com,56,Other,NY,2022-09-12,Monthly
C1395,Ashley Freeman,strongrussell@example.org,70,Other,CA,2023-03-19,Yearly
C1396,George Roberson,hutchinsonfrank@example.org,36,F,NY,2024-07-27,None
C1397,Jacob Villanueva,matthewrhodes@example.com,64,M,OH,2023-08-11,Yearly
C1398,Jeremy Horne,kimberly77@example.net,27,F,IL,2023-02-17,Yearly
C1399,Annette Rice,mcmillansteven@example.net,62,M,PA,2025-06-12,Monthly
C1400,Melissa Silva,kvazquez@example.com,18,M,GA,2023-06-29,Monthly
C1401,Jennifer Cox,gmiller@example.com,61,Other,WA,2023-04-08,None
C1402,Mary Miller,johnsonandrea@example.com,44,Other,VA,2023-11-20,None
C1403,Edward Hall,hodgecasey@example.net,70,Other,PA,2024-05-28,Yearly
C1404,Vanessa Williams,estradalisa@example.com,23,F,OH,2023-11-25,Yearly
C1405,Heather Huff,haneyjennifer@example.com,64,M,MI,2025-08-08,None
C1406,Thomas Hogan,james98@example.org,47,F,OH,2024-09-26,Monthly
C1407,Shannon Reeves,andersonjasmine@example.org,42,M,NY,2021-12-19,Monthly
C1408,Erica Brown,tiffany18@example.com,69,M,GA,2025-05-24,Yearly
C1409,Taylor Summers,qhunt@example.com,41,F,TX,2021-05-26,Monthly
C1410,William Gonzalez,breese@example.org,25,M,NJ,2023-12-04,None
C1411,Terri Johnson,frank02@example.com,37,F,NY,2021-08-27,Yearly
C1412,Kelly Barnett,sbonilla@example.com,50,Other,GA,2021-11-16,Monthly
C1413,Brian Holmes,griffithbrittney@example.org,62,M,WA,2023-12-17,Yearly
C1414,Patrick Macdonald,allenricky@example.com,44,M,MI,2023-06-27,Yearly
C1415,Jesse Stewart,etorres@example.org,47,M,CA,2020-09-27,None
C1416,Ronald Smith,christophergriffith@example.net,54,F,FL,2024-03-29,Monthly
C1417,David Miller,vcole@example.com,37,M,WA,2022-07-27,Monthly
C1418,Caitlin Sharp,jonathancollins@example.org,67,Other,MA,2024-04-21,Monthly
C1419,Annette Walker,carrrobert@example.net,52,F,VA,2024-01-04,Yearly
C1420,Michael Booth,sarah07@example.com,37,M,VA,2023-05-21,Yearly
C1421,Paul Mack,jcontreras@example.net,22,Other,GA,2024-07-12,Monthly
C1422,Melinda Graham,david07@example.com,28,Other,MA,2022-03-03,None
C1423,Lauren Horn,rebecca37@example.net,20,Other,NY,2023-12-09,None
C1424,John Haynes,frederickvillanueva@example.org,47,Other,IL,2021-04-29,Monthly
C1425,James Mata,brianallen@example.com,61,Other,OH,2023-01-18,None
C1426,Edward Reynolds,crawfordstephanie@example.com,67,F,GA,2024-02-01,Yearly
C1427,Matthew Johnson,clee@example.org,43,F,CA,2025-04-27,Monthly
C1428,Cole Fields,abigailpowell@example.net,22,M,NY,2023-08-28,Yearly
C1429,Jason Rodriguez,hunterronald@example.org,63,M,CA,2024-01-06,None
C1430,Paul Phillips,wardjennifer@example.com,62,F,PA,2025-05-27,None
C1431,Jesse Nichols,mitchellnicole@example.net,21,Other,NJ,2021-04-25,None
C1432,Michael Perkins,kimberlyrussell@example.net,22,F,MA,2024-12-02,Monthly
C1433,Karla Jones,jessica35@example.net,38,M,IL,2022-04-25,Yearly
C1434,Jason Ryan,laura10@example.org,41,M,IL,2021-02-11,None
C1435,Aaron Lee,shawn43@example.net,35,M,NC,2025-01-17,None
C1436,Rhonda Mayo,teresabutler@example.net,63,Other,TX,2022-03-01,None
C1437,Michael Greer,vanessachung@example.net,41,F,MA,2022-10-22,Monthly
C1438,Jason Cole,debrafoster@example.net,44,Other,NC,2021-07-22,None
C1439,Robert Baker,michaelcastro@example.com,26,F,FL,2023-03-09,None
C1440,Ryan Smith,michael33@example.com,55,F,CA,2020-08-31,None
C1441,Tricia Allen,walkerdiane@example.com,54,Other,NC,2024-02-10,Yearly
C1442,Timothy Taylor,wandawilliams@example.org,42,M,MI,2020-12-21,Yearly
C1443,Heather Pugh,cjones@example.com,51,Other,GA,2024-07-14,Monthly
C1444,Michael Hernandez,askinner@example.org,46,Other,CA,2022-11-18,Yearly
C1445,Brian Mullen,dowens@example.com,42,M,TX,2021-06-12,Monthly
C1446,Kristine Wright,vaughnjoel@example.com,25,M,NJ,2021-07-30,Monthly
C1447,Heather Todd,douglas73@example.net,66,M,VA,2022-03-11,None
C1448,Kristy Morales,hjackson@example.net,65,F,VA,2020-10-12,None
C1449,James Reyes,lucasbishop@example.com,56,Other,MI,2021-07-12,None
C1450,Wendy Jones,jgilbert@example.com,50,Other,PA,2023-10-01,None
C1451,Russell Allen,linda01@example.net,38,Other,TX,2022-10-27,Monthly
C1452,Katherine Wright,andersonryan@example.org,54,F,TX,2024-02-19,Yearly
C1453,Melinda Taylor,lozanojames@example.net,64,M,PA,2021-07-29,Yearly
C1454,Nicholas Peterson,ihernandez@example.net,39,M,NY,2020-10-26,Yearly
C1455,Maria Mueller,droberson@example.org,57,F,CA,2021-03-13,Monthly
C1456,Tyler Bailey,lance56@example.net,70,Other,VA,2023-08-30,Yearly
C1457,Mary Meyer,joseph21@example.org,55,M,WA,2025-08-02,Monthly
C1458,Sierra Forbes,randall32@example.com,61,M,IL,2022-04-01,None
C1459,Amanda Stein,michaelowens@example.org,36,F,TX,2023-09-29,None
C1460,Danielle Boyd,joshuamay@example.net,52,M,WA,2020-09-16,Yearly
C1461,Mrs. Jessica Chang,catherine53@example.org,19,F,IL,2022-05-12,Yearly
C1462,Nicholas Madden,ramirezmichael@example.net,67,M,GA,2023-04-18,None
C1463,Megan Friedman,gcook@example.net,37,M,NJ,2023-03-13,Yearly
C1464,Robert Ellis,jenniferwalker@example.com,42,F,OH,2024-01-25,Monthly
C1465,Kelly Guerra,pvaughn@example.net,39,F,NJ,2023-03-23,Yearly
C1466,Joan Wolfe,piercestacie@example.org,18,M,MA,2023-10-07,None
C1467,Rebecca Lewis,vbonilla@example.com,63,M,CA,2024-01-30,Yearly
C1468,Daniel Rich,christianshields@example.com,52,F,GA,2021-02-03,Yearly
C1469,Antonio Johnson,christina40@example.com,27,Other,FL,2023-04-16,Yearly
C1470,Desiree Taylor,uchavez@example.org,38,Other,TX,2022-01-07,Yearly
C1471,Vanessa Medina DDS,michaeltaylor@example.net,31,F,VA,2024-10-07,Yearly
C1472,Ryan Schneider,yclark@example.org,23,M,NJ,2021-11-19,Yearly
C1473,Tanya Harris,jasonbraun@example.net,67,F,PA,2024-06-24,None
C1474,Stephen Harding,steven94@example.net,40,F,NY,2023-09-18,Yearly
C1475,Rachel Rogers,reginasantos@example.org,39,F,MA,2024-05-07,None
C1476,Heather Combs,brooksnicole@example.com,19,Other,TX,2020-12-26,None
C1477,Robert Richardson,walkerangela@example.com,64,F,PA,2020-10-12,None
C1478,Kyle Odonnell,robert79@example.com,21,Other,OH,2021-03-29,None
C1479,Amber Chavez,edward01@example.net,50,M,NJ,2025-02-07,None
C1480,Charles Morgan,fullerhaley@example.net,47,Other,PA,2024-05-30,Monthly
C1481,Alisha Gomez,lindaperkins@example.org,38,F,NY,2022-12-12,Yearly
C1482,Carol Martinez,robin79@example.org,58,M,VA,2020-08-20,None
C1483,Brandon Dalton,jenniferwebb@example.org,33,F,WA,2025-06-13,Monthly
C1484,Kyle Stewart,rjackson@example.org,69,M,MI,2020-09-22,Monthly
C1485,Kathryn Poole,tamara47@example.net,59,M,MI,2023-11-01,None
C1486,Charles Smith,wilsonolivia@example.com,61,Other,OH,2022-02-12,Yearly
C1487,Kathryn Stevens,bensonjulie@example.com,69,Other,PA,2022-10-07,None
C1488,Brandi Rodriguez,garymyers@example.com,19,Other,IL,2021-01-20,Monthly
C1489,Timothy Jackson,pereztravis@example.net,22,Other,MI,2023-06-30,Yearly
C1490,Mary Johnson,jamie67@example.com,25,F,NC,2023-12-24,None
C1491,Tracy Roberts,benjamin83@example.org,31,F,MA,2021-12-28,None
C1492,Paula Johnson,marvin65@example.org,67,Other,OH,2021-03-26,Yearly
C1493,David Wood,cohenjames@example.org,39,F,GA,2020-12-30,Yearly
C1494,Teresa Gray,goodmanwendy@example.net,50,F,NC,2024-02-17,Yearly
C1495,Lauren Haynes,oblair@example.com,60,F,OH,2023-02-17,Yearly
C1496,Alyssa Evans,conniewhite@example.net,59,Other,OH,2025-05-21,None
C1497,Amanda Perez,fsims@example.net,44,M,NJ,2022-05-29,Monthly
C1498,Darryl Dunn,salinasmichael@example.net,65,F,FL,2023-04-22,None
C1499,Alicia White,davismatthew@example.net,26,F,OH,2025-04-18,Yearly
